removed_top_n,positive_ratio_remaining
1,0.20040080160320642
2,0.20080321285140562
3,0.2012072434607646
4,0.20161290322580644
5,0.20202020202020202
6,0.20040485829959515
7,0.20081135902636918
8,0.20121951219512196
9,0.20162932790224034
10,0.20204081632653062
11,0.20245398773006135
12,0.20081967213114754
13,0.20123203285420946
14,0.20164609053497942
15,0.2020618556701031
16,0.2024793388429752
17,0.2028985507246377
18,0.2033195020746888
19,0.20166320166320167
20,0.20208333333333334
21,0.20250521920668058
22,0.20292887029288703
23,0.20335429769392033
24,0.20378151260504201
25,0.20210526315789473
26,0.20253164556962025
27,0.2029598308668076
28,0.2033898305084746
29,0.20382165605095542
30,0.20425531914893616
31,0.2046908315565032
32,0.20512820512820512
33,0.20556745182012848
34,0.20600858369098712
35,0.2064516129032258
36,0.20689655172413793
37,0.20734341252699784
38,0.2077922077922078
39,0.20607375271149675
40,0.20652173913043478
41,0.20697167755991286
42,0.2074235807860262
43,0.20787746170678337
44,0.20614035087719298
45,0.20659340659340658
46,0.20704845814977973
47,0.20750551876379691
48,0.2079646017699115
49,0.20842572062084258
50,0.2088888888888889
51,0.20935412026726058
52,0.20982142857142858
53,0.2080536912751678
54,0.2085201793721973
55,0.20898876404494382
56,0.20945945945945946
57,0.20993227990970656
58,0.21040723981900453
59,0.2108843537414966
60,0.21136363636363636
61,0.21184510250569477
62,0.21232876712328766
63,0.2128146453089245
64,0.21330275229357798
65,0.21379310344827587
66,0.21428571428571427
67,0.21478060046189376
68,0.21296296296296297
69,0.21345707656612528
70,0.21395348837209302
71,0.21445221445221446
72,0.21495327102803738
73,0.2154566744730679
74,0.2136150234741784
75,0.21411764705882352
76,0.21462264150943397
77,0.21513002364066194
78,0.2156398104265403
79,0.2161520190023753
80,0.21666666666666667
81,0.21479713603818615
82,0.215311004784689
83,0.21342925659472423
84,0.21394230769230768
85,0.21445783132530122
86,0.21256038647342995
87,0.21307506053268765
88,0.21359223300970873
89,0.2116788321167883
90,0.2121951219512195
91,0.21271393643031786
92,0.21323529411764705
93,0.2113022113022113
94,0.21182266009852216
95,0.2123456790123457
96,0.2103960396039604
97,0.2109181141439206
98,0.208955223880597
99,0.20947630922693267
100,0.21
101,0.21052631578947367
102,0.21105527638190955
103,0.20906801007556675
104,0.20959595959595959
105,0.21012658227848102
106,0.21065989847715735
107,0.21119592875318066
108,0.21173469387755103
109,0.21227621483375958
110,0.2128205128205128
111,0.2133676092544987
112,0.21391752577319587
113,0.2144702842377261
114,0.21502590673575128
115,0.21558441558441557
116,0.21614583333333334
117,0.21671018276762402
118,0.21727748691099477
119,0.2178477690288714
120,0.21842105263157896
121,0.21899736147757257
122,0.21693121693121692
123,0.21750663129973474
124,0.21808510638297873
125,0.216
126,0.21390374331550802
127,0.21447721179624665
128,0.21236559139784947
129,0.21293800539083557
130,0.21351351351351353
131,0.2140921409214092
132,0.21467391304347827
133,0.21525885558583105
134,0.21584699453551912
135,0.21643835616438356
136,0.21703296703296704
137,0.21763085399449036
138,0.21823204419889503
139,0.2188365650969529
140,0.21944444444444444
141,0.2200557103064067
142,0.2206703910614525
143,0.22128851540616246
144,0.22191011235955055
145,0.22253521126760564
146,0.2231638418079096
147,0.2237960339943343
148,0.2215909090909091
149,0.2222222222222222
150,0.22285714285714286
151,0.22063037249283668
152,0.22126436781609196
153,0.2219020172910663
154,0.22254335260115607
155,0.22318840579710145
156,0.2238372093023256
157,0.22157434402332363
158,0.2222222222222222
159,0.22287390029325513
160,0.2235294117647059
161,0.22418879056047197
162,0.22485207100591717
163,0.22551928783382788
164,0.22321428571428573
165,0.22388059701492538
166,0.2245508982035928
167,0.22522522522522523
168,0.22590361445783133
169,0.22658610271903323
170,0.22727272727272727
171,0.22796352583586627
172,0.22865853658536586
173,0.22935779816513763
174,0.23006134969325154
175,0.23076923076923078
176,0.23148148148148148
177,0.23219814241486067
178,0.2329192546583851
179,0.2336448598130841
180,0.23125
181,0.23197492163009403
182,0.23270440251572327
183,0.2302839116719243
184,0.2310126582278481
185,0.23174603174603176
186,0.23248407643312102
187,0.23322683706070288
188,0.23397435897435898
189,0.2315112540192926
190,0.22903225806451613
191,0.2297734627831715
192,0.2305194805194805
193,0.23127035830618892
194,0.22875816993464052
195,0.22950819672131148
196,0.23026315789473684
197,0.23102310231023102
198,0.23178807947019867
199,0.23255813953488372
200,0.23333333333333334
201,0.23411371237458195
202,0.23154362416107382
203,0.23232323232323232
204,0.22972972972972974
205,0.2305084745762712
206,0.22789115646258504
207,0.22866894197952217
208,0.22945205479452055
209,0.2268041237113402
210,0.22758620689655173
211,0.22491349480968859
212,0.22569444444444445
213,0.2264808362369338
214,0.22727272727272727
215,0.22807017543859648
216,0.22887323943661972
217,0.22968197879858657
218,0.22695035460992907
219,0.2277580071174377
220,0.225
221,0.22580645161290322
222,0.22661870503597123
223,0.22382671480144403
224,0.2246376811594203
225,0.22545454545454546
226,0.22627737226277372
227,0.2271062271062271
228,0.22794117647058823
229,0.22509225092250923
230,0.2222222222222222
231,0.22304832713754646
232,0.22014925373134328
233,0.2209737827715356
234,0.22180451127819548
235,0.22264150943396227
236,0.22348484848484848
237,0.22433460076045628
238,0.22519083969465647
239,0.2260536398467433
240,0.2230769230769231
241,0.22393822393822393
242,0.2248062015503876
243,0.22568093385214008
244,0.2265625
245,0.22745098039215686
246,0.2283464566929134
247,0.22924901185770752
248,0.2261904761904762
249,0.22709163346613545
250,0.228
251,0.2289156626506024
252,0.22580645161290322
253,0.22672064777327935
254,0.22764227642276422
255,0.22857142857142856
256,0.22950819672131148
257,0.23045267489711935
258,0.23140495867768596
259,0.23236514522821577
260,0.23333333333333334
261,0.23430962343096234
262,0.23529411764705882
263,0.23628691983122363
264,0.23728813559322035
265,0.23404255319148937
266,0.23504273504273504
267,0.2317596566523605
268,0.23275862068965517
269,0.23376623376623376
270,0.23043478260869565
271,0.2314410480349345
272,0.2324561403508772
273,0.2290748898678414
274,0.23008849557522124
275,0.2311111111111111
276,0.23214285714285715
277,0.23318385650224216
278,0.23423423423423423
279,0.23529411764705882
280,0.23636363636363636
281,0.2328767123287671
282,0.23394495412844038
283,0.2350230414746544
284,0.2361111111111111
285,0.2372093023255814
286,0.2336448598130841
287,0.2347417840375587
288,0.2358490566037736
289,0.23696682464454977
290,0.23809523809523808
291,0.23923444976076555
292,0.2403846153846154
293,0.24154589371980675
294,0.24271844660194175
295,0.24390243902439024
296,0.24509803921568626
297,0.2413793103448276
298,0.24257425742574257
299,0.24378109452736318
300,0.24
301,0.24120603015075376
302,0.24242424242424243
303,0.2436548223350254
304,0.24489795918367346
305,0.24615384615384617
306,0.24742268041237114
307,0.24870466321243523
308,0.25
309,0.2513089005235602
310,0.24736842105263157
311,0.24867724867724866
312,0.25
313,0.25133689839572193
314,0.25268817204301075
315,0.24864864864864866
316,0.25
317,0.25136612021857924
318,0.25274725274725274
319,0.2541436464088398
320,0.25
321,0.25139664804469275
322,0.25280898876404495
323,0.2542372881355932
324,0.2556818181818182
325,0.2571428571428571
326,0.25862068965517243
327,0.2543352601156069
328,0.2558139534883721
329,0.2573099415204678
330,0.25882352941176473
331,0.2603550295857988
332,0.2619047619047619
333,0.2634730538922156
334,0.26506024096385544
335,0.26666666666666666
336,0.2682926829268293
337,0.26993865030674846
338,0.2716049382716049
339,0.2732919254658385
340,0.275
341,0.27672955974842767
342,0.27848101265822783
343,0.2802547770700637
344,0.27564102564102566
345,0.27741935483870966
346,0.2792207792207792
347,0.27450980392156865
348,0.27631578947368424
349,0.2781456953642384
350,0.28
351,0.2751677852348993
352,0.27702702702702703
353,0.2789115646258503
354,0.273972602739726
355,0.27586206896551724
356,0.2708333333333333
357,0.2727272727272727
358,0.2746478873239437
359,0.2765957446808511
360,0.2785714285714286
361,0.2805755395683453
362,0.2753623188405797
363,0.2773722627737226
364,0.27941176470588236
365,0.2814814814814815
366,0.27611940298507465
367,0.2781954887218045
368,0.2803030303030303
369,0.2748091603053435
370,0.2692307692307692
371,0.26356589147286824
372,0.2578125
373,0.25984251968503935
374,0.2619047619047619
375,0.256
376,0.25806451612903225
377,0.2601626016260163
378,0.26229508196721313
379,0.2644628099173554
380,0.26666666666666666
381,0.2689075630252101
382,0.2627118644067797
383,0.26495726495726496
384,0.25862068965517243
385,0.2608695652173913
386,0.2631578947368421
387,0.25663716814159293
388,0.25892857142857145
389,0.26126126126126126
390,0.2636363636363636
391,0.26605504587155965
392,0.26851851851851855
393,0.27102803738317754
394,0.2641509433962264
395,0.26666666666666666
396,0.2692307692307692
397,0.27184466019417475
398,0.2647058823529412
399,0.26732673267326734
400,0.26
401,0.26262626262626265
402,0.25510204081632654
403,0.25773195876288657
404,0.2604166666666667
405,0.2631578947368421
406,0.26595744680851063
407,0.26881720430107525
408,0.2717391304347826
409,0.27472527472527475
410,0.26666666666666666
411,0.2696629213483146
412,0.26136363636363635
413,0.26436781609195403
414,0.26744186046511625
415,0.27058823529411763
416,0.27380952380952384
417,0.27710843373493976
418,0.2682926829268293
419,0.25925925925925924
420,0.25
421,0.25316455696202533
422,0.2564102564102564
423,0.24675324675324675
424,0.25
425,0.25333333333333335
426,0.25675675675675674
427,0.2602739726027397
428,0.2638888888888889
429,0.2676056338028169
430,0.2714285714285714
431,0.2753623188405797
432,0.27941176470588236
433,0.2835820895522388
434,0.2878787878787879
435,0.27692307692307694
436,0.28125
437,0.2857142857142857
438,0.2903225806451613
439,0.2786885245901639
440,0.2833333333333333
441,0.288135593220339
442,0.27586206896551724
443,0.2807017543859649
444,0.2857142857142857
445,0.2727272727272727
446,0.2777777777777778
447,0.2830188679245283
448,0.28846153846153844
449,0.27450980392156865
450,0.26
451,0.2653061224489796
452,0.2708333333333333
453,0.2765957446808511
454,0.2608695652173913
455,0.26666666666666666
456,0.2727272727272727
457,0.27906976744186046
458,0.2857142857142857
459,0.2682926829268293
460,0.275
461,0.28205128205128205
462,0.2894736842105263
463,0.2702702702702703
464,0.2777777777777778
465,0.2857142857142857
466,0.2647058823529412
467,0.2727272727272727
468,0.28125
469,0.2903225806451613
470,0.26666666666666666
471,0.27586206896551724
472,0.25
473,0.25925925925925924
474,0.2692307692307692
475,0.28
476,0.2916666666666667
477,0.30434782608695654
478,0.2727272727272727
479,0.2857142857142857
480,0.3
481,0.3157894736842105
482,0.3333333333333333
483,0.35294117647058826
484,0.375
485,0.4
486,0.42857142857142855
487,0.46153846153846156
488,0.4166666666666667
489,0.45454545454545453
490,0.5
491,0.4444444444444444
492,0.375
493,0.2857142857142857
494,0.16666666666666666
495,0.0
496,0.0
497,0.0
498,0.0
499,0.0
500,
