removed_top_n,mean_remaining,std_remaining
1,4.591741019481999,1.461366098608504
2,4.5952405685528985,1.4607422887849866
3,4.598483231444049,1.4604194358131455
4,4.606038225589635,1.45215606747331
5,4.611898944483003,1.447750233664235
6,4.6075598163125955,1.4459957602260345
7,4.612558553721814,1.443191310622597
8,4.611915162590919,1.4445865901139618
9,4.617617774398551,1.4405140914461656
10,4.619388851987355,1.4414491246857741
11,4.620676264535959,1.4426407964725527
12,4.617882423882054,1.4427960131271742
13,4.622276582907984,1.4410108184419321
14,4.623813499721679,1.4420937863043546
15,4.624835535495855,1.4434038727595837
16,4.622467476280758,1.4439527620908639
17,4.62482412657854,1.4445166350588847
18,4.629131716891011,1.4429120509824351
19,4.625300566394931,1.4419601246167428
20,4.625382433506839,1.4434602682329134
21,4.6256859681307425,1.4449509232971927
22,4.624038486680265,1.4460121118768112
23,4.623477753257468,1.4474751393801282
24,4.623224838660644,1.4489842701304045
25,4.6211670854289615,1.4498137749132238
26,4.617155924979031,1.4487070193052385
27,4.621044914567299,1.4477638778119342
28,4.620810724751002,1.449287764777397
29,4.61924283649811,1.4504255383690332
30,4.623332169502312,1.4492528789464263
31,4.621031638381608,1.4499395789531264
32,4.618746306039531,1.4506438097240215
33,4.623336325314617,1.4487973113093229
34,4.630115562737901,1.4429329701526665
35,4.6296333808435275,1.444446174308246
36,4.627983884571987,1.4455643070762136
37,4.629354920820093,1.4468231621745349
38,4.623272444023054,1.442462761548741
39,4.628599757906317,1.4394792734500517
40,4.629255721126068,1.4409742476938838
41,4.630880420825473,1.4421221536257862
42,4.626789065911202,1.4410322291136761
43,4.635230382765117,1.4312521232999755
44,4.644335322736895,1.4195385370145224
45,4.648927157096963,1.417710722480517
46,4.65649652782392,1.410057232339819
47,4.661757181269955,1.407155387645342
48,4.665798949974501,1.4060820910417993
49,4.663648557376327,1.406897456768505
50,4.667763661345535,1.405745980702965
51,4.666564061307566,1.407080437005499
52,4.675396321498595,1.396162154128646
53,4.671635120774619,1.3954539943005289
54,4.670912772315338,1.3969340487340103
55,4.680801038647973,1.382823581265651
56,4.6802331856586745,1.3843281123594815
57,4.677724593414099,1.3848812562595298
58,4.6774182170628436,1.3864319826546239
59,4.67785670033466,1.3879723974201048
60,4.675489999231138,1.3886596231840085
61,4.673819707017496,1.3897987834920797
62,4.671783161154421,1.3907299550637076
63,4.672612237264439,1.3922121488528458
64,4.6771952399096985,1.3905112353205822
65,4.678918345882485,1.3916435777474414
66,4.679831590301344,1.3931157268257135
67,4.68340296923915,1.3927375987641286
68,4.679685468715075,1.3922011813042001
69,4.678038583540856,1.3933949494928206
70,4.6880733536178845,1.3793710441749172
71,4.693948875113625,1.3755926864868895
72,4.6917210062622345,1.376425478469651
73,4.687528163346954,1.3753035175759247
74,4.687494546473094,1.3769166021601564
75,4.68789717485652,1.3785105042061103
76,4.687621213754579,1.3801234232572908
77,4.685642903135052,1.3811532073456483
78,4.683362288315194,1.3819929140742495
79,4.677717171676156,1.3787650221634271
80,4.676961069719695,1.3803182526350048
81,4.6734237780426575,1.3800617598324754
82,4.671601208531048,1.38120781648952
83,4.6765682275487475,1.3791291971075623
84,4.672181861768771,1.3778774567890095
85,4.67567955007414,1.3776907583658151
86,4.6777996594439575,1.378677291889193
87,4.676770089892692,1.3801864122079879
88,4.680606242081676,1.3796595149282154
89,4.6771827300648985,1.3795879270859523
90,4.686166407399366,1.3692094794614613
91,4.685867993899808,1.3708689912130363
92,4.686940594763872,1.3723765265377206
93,4.682109738912523,1.3705923270440081
94,4.682156200966851,1.372278890422075
95,4.67976677580525,1.3731282195885415
96,4.68469816558458,1.3712399880350934
97,4.689115854883175,1.3700658392859837
98,4.689263207542052,1.371765653439504
99,4.690859060680008,1.3731022673253936
100,4.683648531132034,1.3672142022537017
101,4.686941572860325,1.3673411879443131
102,4.681084319360215,1.364049415074448
103,4.6809180289695895,1.3657622518378831
104,4.675659343246469,1.363465566004381
105,4.6727196395191,1.3639364355099186
106,4.673222089080826,1.3656297123046317
107,4.683929480653128,1.3507473904111855
108,4.682833989885845,1.3522948115537794
109,4.680827464659343,1.3534400594124008
110,4.682976916382441,1.3545074535362593
111,4.684580414848894,1.3558776119902896
112,4.6862389744305055,1.3572295990931236
113,4.693219778121873,1.3520074676094722
114,4.691812031542712,1.3534743477279882
115,4.69651027973066,1.3520837948110778
116,4.696021226754179,1.3538091680135311
117,4.700879474032556,1.3522282553190001
118,4.70193048814842,1.3538407904146101
119,4.709095337268195,1.3483640507089254
120,4.70475736460394,1.3474792719979247
121,4.707129581582853,1.3484631020426232
122,4.7057644459059444,1.349984033937183
123,4.709351758610873,1.3499728085940756
124,4.712377051793028,1.3504899143622169
125,4.708595350790064,1.3502996934483142
126,4.704934435289881,1.3502438880510401
127,4.708627063369285,1.3501654357787816
128,4.705493174077947,1.3506234736511564
129,4.7080987806630485,1.3515084638598596
130,4.712990670920968,1.3500494688788343
131,4.714597179696824,1.3515243367098317
132,4.718820827752919,1.3509252395327722
133,4.723313671101763,1.35001608735365
134,4.721440188382385,1.3513825942070796
135,4.723261580258916,1.3527838355903397
136,4.722210384772803,1.3544919029750766
137,4.726558706662854,1.3538168140589544
138,4.727559515623801,1.355551333246265
139,4.740362857508507,1.335390746035261
140,4.743380503207249,1.3360144591528678
141,4.742138731333038,1.3376664303098025
142,4.74113440529829,1.339398206081557
143,4.741569729128955,1.3412475111735396
144,4.747462271097609,1.3385075009305996
145,4.747295646874868,1.3403877100755295
146,4.749215271144859,1.3417921990686879
147,4.739961944958487,1.3323647002676167
148,4.741845645802735,1.3337864536778692
149,4.751976873833845,1.3220910460342026
150,4.7462802765935415,1.3196698171932624
151,4.74384001166519,1.3207703307867142
152,4.747071251271025,1.3212884361315187
153,4.749477692236495,1.3224292083029197
154,4.7533743415413845,1.322348137319887
155,4.757819569624979,1.3216792489683566
156,4.763772271068785,1.318972741603928
157,4.759359392308179,1.3183558659620822
158,4.758616749994092,1.3202102377889213
159,4.756534583343052,1.3215837711684448
160,4.7615416932780885,1.3202921695126766
161,4.768410589702559,1.3161579390365394
162,4.765547050120092,1.3170486067605596
163,4.759402877235589,1.3141554220462925
164,4.762596347232259,1.3148032389299202
165,4.769544408716863,1.3105904358518148
166,4.776053407065584,1.3071331157043822
167,4.7744354540982945,1.308760317344918
168,4.772152895912348,1.3100678653482292
169,4.7704375014230225,1.3116729795107376
170,4.767831954715607,1.312803291417768
171,4.767546784192376,1.3147867138871907
172,4.768710697626901,1.3166201904560737
173,4.767266840494329,1.3183725290673103
174,4.771522494426646,1.318148541031267
175,4.773763239786765,1.319554830854403
176,4.77509062772524,1.3213729474021443
177,4.7721653709672935,1.3223689393054223
178,4.773149593944751,1.3243025874432437
179,4.7720135809678546,1.326207100992443
180,4.767030485114046,1.3252738487911702
181,4.7732312423389045,1.3227066081479752
182,4.780093956609942,1.3191022004631516
183,4.776697574914517,1.3197921847373966
184,4.7792289891539355,1.3211102317750525
185,4.777309603099574,1.3227655968658796
186,4.77558104041892,1.3245149858464766
187,4.780593236128523,1.323652721245891
188,4.77528774950044,1.3224453521014303
189,4.779997197517076,1.3219550831432847
190,4.7818155448333854,1.3236971945028548
191,4.7761477591210575,1.3220765307618723
192,4.775839974257279,1.3242099670532292
193,4.774363392431033,1.3261117362666013
194,4.77086084070311,1.3268583458016594
195,4.771383851980786,1.329000252628541
196,4.782622868716089,1.3166341368604373
197,4.779327564795381,1.3175528497795876
198,4.77817074937759,1.3195787944151813
199,4.784803922030772,1.3167328937528588
200,4.785032071926701,1.3189196832145875
201,4.785740033170164,1.321066485118619
202,4.790947856613603,1.3202135371832369
203,4.782721174300044,1.3147867563706581
204,4.777951386310402,1.3144380114431964
205,4.775321865973317,1.3158865455408315
206,4.773031516123027,1.3175354149090106
207,4.768895963480476,1.3178755326377805
208,4.773299489345556,1.3179765840194386
209,4.767123131674062,1.3160138764930547
210,4.7695670009036135,1.3176215578584822
211,4.765097533511004,1.3177028678203038
212,4.767930322649793,1.319109803043346
213,4.77481313449121,1.3162333054390836
214,4.773732550176051,1.318405318190448
215,4.783237786334467,1.3108972283328066
216,4.789241444671044,1.3092860320193356
217,4.783477245812083,1.3079950620813428
218,4.782180447121489,1.3101305327570902
219,4.786008506091759,1.3108843997173814
220,4.790505173221386,1.3110580810740553
221,4.781631425512841,1.3049850484089345
222,4.787110491454118,1.3041227702046165
223,4.783233358077455,1.304874361870634
224,4.790214069721368,1.3020629746096004
225,4.798064322124953,1.297892160630054
226,4.797923920636868,1.30025633538065
227,4.796721147060216,1.3024834238508403
228,4.792434315303506,1.3029517124773222
229,4.7904049362781596,1.304924319423004
230,4.780263646433974,1.2966352790912994
231,4.77336744921192,1.2940914035461681
232,4.775537951623495,1.296014682876109
233,4.780626394992634,1.2957645514571885
234,4.78283565371561,1.2976958983346192
235,4.782290773844685,1.3001117040371883
236,4.782503994208207,1.3025670848804958
237,4.786317462211529,1.3035693457279138
238,4.784596606851892,1.3057565076086985
239,4.776592134858408,1.3018240559288106
240,4.774004736137012,1.303655179471023
241,4.770420466591105,1.3048902065178354
242,4.768335889252734,1.306986127573805
243,4.7712188244763825,1.3087074388266942
244,4.772619957561425,1.3110686169449108
245,4.779399272981686,1.3091509355897981
246,4.776341380117928,1.3108162668372414
247,4.772272164016378,1.311802150109622
248,4.772799335219116,1.3143756084534488
249,4.7634953693256605,1.308683295893781
250,4.766167617298843,1.310614439341502
251,4.761175870180195,1.3108696572730019
252,4.760770183401215,1.313494280963018
253,4.7626126218617175,1.3158306342255774
254,4.759713400856916,1.3177148238091143
255,4.761854717953739,1.3199740990733027
256,4.771396196170659,1.3142174755290612
257,4.772338185977984,1.3168366437569332
258,4.775017500083674,1.3188934181350664
259,4.784280836755711,1.3137472096193288
260,4.780441648829908,1.3151315243302193
261,4.784321697629486,1.3165084419928985
262,4.785820856985983,1.3190677238678385
263,4.7957909611028695,1.312868336654932
264,4.791905632451201,1.314286520611602
265,4.810069820956033,1.2871807068910897
266,4.809506007061072,1.2898992041522401
267,4.804810474881386,1.290667138978941
268,4.800134528706573,1.291474934835712
269,4.793468222830023,1.2902782223347053
270,4.790653161599546,1.2923721035676716
271,4.791148827857631,1.2951689883289652
272,4.7897241379074424,1.2978271033217257
273,4.794107118494031,1.298997790121972
274,4.800130412501828,1.298701672207391
275,4.792697274155782,1.2967788168290304
276,4.7916462148922445,1.299574559987787
277,4.798416565323473,1.298537608372158
278,4.809483263510014,1.2909237785949763
279,4.818578795417355,1.28672416744612
280,4.815035035759219,1.288568755173402
281,4.817247683922272,1.2910902898104533
282,4.828721371936983,1.2828601495937986
283,4.8388701723236665,1.2770515169093768
284,4.837623618009246,1.2798725176738959
285,4.83080131330945,1.278921083966344
286,4.822745298623409,1.2764517019639934
287,4.8285336115735875,1.276639495639924
288,4.832186757488953,1.2785357214862099
289,4.835288231702148,1.2807659842326042
290,4.8388842220200345,1.2827487204251775
291,4.834119695331371,1.2839587488821183
292,4.850910469580468,1.2639431947045434
293,4.851793714955679,1.2669284819688744
294,4.863953294089132,1.257892484778669
295,4.8719840393754055,1.2556776962926839
296,4.866063055581789,1.2558935576959966
297,4.879198628963065,1.244925537410751
298,4.893800586072861,1.230540119293963
299,4.884346523004737,1.2262576574334065
300,4.8851961261917545,1.2292604665755273
301,4.8991363232877205,1.216473940950126
302,4.900053783951135,1.2194732985993286
303,4.906705830250706,1.2189760002512444
304,4.913548172873748,1.2183023215856303
305,4.926096981825996,1.2087214354552522
306,4.934564866734013,1.20604974419748
307,4.935591248823569,1.2090856767456428
308,4.940162499253883,1.2105656458161886
309,4.935361208906369,1.2119058287114641
310,4.9367497888524605,1.2149393166037956
311,4.93429628154365,1.2176796518288662
312,4.932701070154632,1.2207168881661024
313,4.933829005939951,1.223878774708611
314,4.930670647685732,1.2264040941036654
315,4.924186725390825,1.2265306444391884
316,4.924137397378975,1.2298589089181264
317,4.935009983485383,1.2243639315026469
318,4.932971289639737,1.2274131622846627
319,4.926350987084287,1.2275543749472344
320,4.92141528093182,1.2291671883037258
321,4.927270400658838,1.2300900998610564
322,4.934626673657859,1.2296079849034391
323,4.943300817718128,1.2276338821922839
324,4.9556823019150364,1.220046567823154
325,4.956814341125447,1.223435275593642
326,4.956181456735211,1.2269172923404759
327,4.961026459158232,1.228797324383193
328,4.956886103174217,1.2311604043533135
329,4.97463843342089,1.212606709390608
330,4.969908095167424,1.2145938492955919
331,4.962988393390665,1.2148363892395038
332,4.9701660995179475,1.2148684497554736
333,4.9674575454929615,1.2179945050348568
334,4.966988276927212,1.2216426030782483
335,4.968105473907466,1.2252544116446304
336,4.9677497867472615,1.228975773579917
337,4.962564978774112,1.230950409071835
338,4.963791540846726,1.2346444873363835
339,4.96454148098271,1.2384360675901331
340,4.960653662091777,1.2413203176417509
341,4.960859651701634,1.245214996201103
342,4.963173508550217,1.2488085460426113
343,4.955846359132558,1.249389245222013
344,4.958089524789295,1.25307211883519
345,4.971651415472941,1.2456434924352153
346,4.960940178923541,1.242545763202917
347,4.976702882355977,1.2311570491495547
348,4.984005206616182,1.2318933156406116
349,4.9937875500432165,1.2300673518054837
350,5.001285717615565,1.2307165370300372
351,4.993304722170373,1.230964774504214
352,4.988510977059158,1.2337295477278976
353,5.000332541425144,1.229536511167105
354,4.994369854851698,1.2316201400105677
355,4.997501828196441,1.2352802578654454
356,4.988577886837134,1.2348953954629112
357,4.9924608663759455,1.2383293486641815
358,4.989108522984106,1.242035234351657
359,4.987096298076093,1.2462011672869868
360,4.98683566785718,1.2506401371100175
361,4.980571702403648,1.2529405648720067
362,4.991829799681738,1.2504472542976859
363,4.989395012898354,1.2546766589614449
364,4.98435458219605,1.257898248641612
365,4.984900315051201,1.2625324945732277
366,4.975592331469956,1.262611392927275
367,4.978025232175772,1.2670362090995033
368,4.966740501061519,1.2651505146805655
369,4.9581119367575015,1.2660949844992169
370,4.94665199491983,1.2641688918772132
371,4.934839604674905,1.2618923504996629
372,4.933757087789118,1.2667523614165004
373,4.954341459533628,1.2502243723972981
374,4.959651108976932,1.253748697033846
375,4.940261019795534,1.2397935155945474
376,4.950974100651407,1.2390066865388405
377,4.947353776418182,1.2433797190872717
378,4.950057112903452,1.2481050889956025
379,4.947661026957955,1.2529724598489034
380,4.939380021954459,1.2548805672418746
381,4.949774261644278,1.2549874090951594
382,4.95123217100322,1.2601935820311883
383,4.9408587591608955,1.260540978825241
384,4.934084783946969,1.2638404853511027
385,4.923567878585826,1.2642594908363485
386,4.936146184039731,1.2626076623187354
387,4.928588669439515,1.2656123627522398
388,4.922320757932683,1.26950258502871
389,4.922962307301497,1.2751901687118377
390,4.922227128388651,1.2809499561199644
391,4.911732238311142,1.2820961753971805
392,4.925598869099188,1.2798561658084098
393,4.956234599590121,1.245783822131354
394,4.964188280699921,1.2489394282519193
395,4.969126998630961,1.2538420824562964
396,4.962871153215583,1.2582238543654518
397,4.966914049523367,1.2636445521759667
398,4.956984306706731,1.2658185705736498
399,4.954780675271253,1.271874862468328
400,4.931215905132513,1.2560880482178625
401,4.906331112036568,1.2376464896707529
402,4.910926926902069,1.2431042183578693
403,4.927264866318067,1.2389835104262903
404,4.9295635792626245,1.245214038367469
405,4.9276483411931915,1.2516099725476337
406,4.931223459073143,1.2577672560348179
407,4.928139930875094,1.2641579117349313
408,4.9234673061919985,1.2702107375902534
409,4.903934477102355,1.263354457941778
410,4.889924269465829,1.2633038105343368
411,4.881458335404285,1.2678398578440375
412,4.910351948478742,1.2455453342565208
413,4.910708232781036,1.2526787296314081
414,4.927769634934731,1.2498502319184115
415,4.917855312311827,1.2538142941775259
416,4.957508803525815,1.2071086208608934
417,4.987741782932941,1.1823231384748814
418,4.973951928123198,1.1828576121039793
419,4.956553989195417,1.1796631615560509
420,4.937847316111917,1.1750128213642965
421,4.936560984244297,1.1823702489560837
422,4.941608540200936,1.1890793611233652
423,4.9207993189718096,1.1825803750107284
424,4.936165124450139,1.18267379134336
425,4.964617268739173,1.1644067148440609
426,4.9658183446265,1.1722017772112965
427,4.986655858835652,1.1665113618536396
428,4.986017439006016,1.1745715356242783
429,4.977378843388507,1.1805407709125482
430,4.98071051171001,1.1886118269901114
431,5.023399779815609,1.1426754818790053
432,5.033625683350379,1.1479083439371445
433,5.029858803089692,1.156025845698047
434,5.063520816332456,1.1316909429627373
435,5.0510899128986715,1.1358824925016464
436,5.039292936522492,1.1407641750668733
437,5.029278280414412,1.146987517851769
438,5.059697314493143,1.1307096856890193
439,5.045246752725802,1.1342472041541942
440,5.061413170656236,1.1366688736287034
441,5.051147619845578,1.1434998096698288
442,5.019274753060911,1.127031322807056
443,5.033065924767305,1.1320125502636251
444,5.0622959475364775,1.1205512132888211
445,5.040990865556881,1.119395365477162
446,5.068229826411789,1.1115046941649107
447,5.07335082390104,1.1213103028456088
448,5.056278303235635,1.1251970440965937
449,5.038092192673975,1.1285809932365263
450,5.053849416159223,1.1342425511196768
451,5.091544076375538,1.1143235715813251
452,5.0923322495208545,1.1258577561939629
453,5.086465883145232,1.1370457655294284
454,5.072657125359418,1.1454330906130552
455,5.053819307784774,1.1510209305497627
456,5.1082272040107375,1.1053277923449625
457,5.144496937555824,1.0919160183459427
458,5.161699302783801,1.099064877683112
459,5.151548765060189,1.1104405616854673
460,5.124338946446106,1.1106528952254981
461,5.089174584364248,1.1025960469162441
462,5.101534967715866,1.114339373242449
463,5.136711716178789,1.108283254427343
464,5.190497595742428,1.0748827456230308
465,5.167538967753867,1.081391706106853
466,5.264331929443971,0.9358908405791985
467,5.266460570931284,0.9498840872788009
468,5.250707258843834,0.9603574941606984
469,5.217626508785335,0.9576110597540621
470,5.231364501809693,0.9704305919537046
471,5.3192071868343564,0.8618114953549211
472,5.34052642015017,0.8695193801422156
473,5.299951286389216,0.8590510809141441
474,5.344299985515068,0.8445403373250424
475,5.3286932418056105,0.8575811827135266
476,5.359553926125575,0.8615564409251435
477,5.361566550346934,0.8800314238296778
478,5.326351648311898,0.8838188538361208
479,5.320586589768555,0.9042132037594761
480,5.317323949522552,0.9264221783273291
481,5.315310828051742,0.9504464612921791
482,5.388717218114082,0.9225795566115149
483,5.423451888721409,0.9378186988426591
484,5.61559822214412,0.5539217253188131
485,5.619100912605988,0.5719163063927873
486,5.644480798930851,0.5837718983655402
487,5.709083521507417,0.5554953208551001
488,5.7774275463989975,0.5230371540505355
489,5.721138963116001,0.5103105085008601
490,5.767620108558271,0.5125358825459608
491,5.690123179223241,0.4814804304202943
492,5.616038464162061,0.45978736980930657
493,5.534787016339471,0.4345004895914245
494,5.440533914554745,0.3975805046261197
495,5.285746086940991,0.21430977515316216
496,5.2560993984897095,0.23025251133725383
497,5.18051493957697,0.21871499777783063
498,5.095836703055965,0.22414986986057528
499,5.31998657291654,0.0
500,,
