order,cum_neg,cum_pos,pseudo_similarity,prop_fin
1,0,0,0.8857149953851574,1.0
2,1,0,0.8816374067329488,2.0
3,1,0,0.881636457702463,2.0
4,2,0,0.8796806129218542,3.0
5,3,0,0.8730406252347519,4.0
6,4,0,0.8715250298541752,5.0
7,5,0,0.8709623881674281,6.0
8,6,0,0.8707722361226224,7.0
9,7,0,0.8691020327224074,8.0
10,8,0,0.8661058813913312,9.0
11,8,0,0.8654344204881697,9.0
12,8,0,0.8642271808416082,9.0
13,8,0,0.8632466959822952,9.0
14,8,0,0.8593124575431965,9.0
15,9,0,0.8566255892475148,10.0
16,9,0,0.8529884517203891,10.0
17,10,0,0.8507815866518132,11.0
18,11,0,0.8491508016769013,12.0
19,11,0,0.8487870443738289,12.0
20,11,0,0.8437875074370886,12.0
21,11,0,0.8426953339528926,12.0
22,11,0,0.8410788731733556,12.0
23,12,0,0.84062287735125,13.0
24,13,0,0.8399410277397725,14.0
25,13,0,0.8364749005860486,14.0
26,14,0,0.8358109795143996,15.0
27,15,0,0.8320580915387671,16.0
28,16,0,0.831964584597932,17.0
29,17,0,0.8296504030588298,18.0
30,17,0,0.826268121668229,18.0
31,17,0,0.8260482550025593,18.0
32,18,0,0.8255410130233141,19.0
33,18,0,0.820911031643334,19.0
34,19,0,0.8202037723965168,20.0
35,19,0,0.8200628007207493,20.0
36,19,0,0.8199652342832043,20.0
37,19,1,0.8159273819013171,10.0
38,19,1,0.8055567772213372,10.0
39,19,1,0.8055290092769299,10.0
40,19,1,0.8050638856944365,10.0
41,19,1,0.8041621633861364,10.0
42,19,1,0.8020100050853044,10.0
43,20,1,0.8017008723480737,10.5
44,20,1,0.7986594156281237,10.5
45,21,1,0.7977129095259657,11.0
46,21,2,0.7967994784793506,7.333333333333333
47,22,2,0.7961982094058604,7.666666666666667
48,23,2,0.7944146360311335,8.0
49,23,2,0.7941774163521478,8.0
50,23,2,0.7937330258356595,8.0
51,24,2,0.7917012495662354,8.333333333333334
52,24,2,0.7908044604527856,8.333333333333334
53,24,2,0.7891649354052377,8.333333333333334
54,24,2,0.7890472326263291,8.333333333333334
55,25,2,0.7868606883938581,8.666666666666666
56,25,2,0.7842994835922349,8.666666666666666
57,25,2,0.7840765996217207,8.666666666666666
58,25,2,0.7826610922739303,8.666666666666666
59,26,2,0.7820844877357774,9.0
60,27,2,0.7816087031447873,9.333333333333334
61,28,2,0.7792265630253681,9.666666666666666
62,28,2,0.7753415619474107,9.666666666666666
63,28,2,0.7748103779922859,9.666666666666666
64,28,2,0.7746641988223821,9.666666666666666
65,29,2,0.7742494870186357,10.0
66,29,2,0.7730616144790065,10.0
67,29,3,0.77155890437047,7.5
68,30,3,0.770181335744762,7.75
69,30,3,0.767629230892211,7.75
70,30,3,0.7638105950898063,7.75
71,30,3,0.7637938586394492,7.75
72,31,3,0.7631343590509128,8.0
73,32,3,0.7627981357111777,8.25
74,33,3,0.7593897764277201,8.5
75,34,3,0.7591871530992887,8.75
76,34,3,0.751351573121612,8.75
77,35,3,0.7509365556155356,9.0
78,36,3,0.7508053168139623,9.25
79,37,3,0.750531173597346,9.5
80,37,3,0.7467060408327253,9.5
81,37,4,0.7452552910692853,7.6
82,38,4,0.7431782731924915,7.8
83,38,4,0.7410545497584295,7.8
84,38,5,0.7406320337097856,6.5
85,38,5,0.73872763588787,6.5
86,39,5,0.7380503939323986,6.666666666666667
87,39,5,0.7377084525399504,6.666666666666667
88,39,5,0.7375990100297463,6.666666666666667
89,39,5,0.737411175558771,6.666666666666667
90,40,5,0.7347233308937557,6.833333333333333
91,40,5,0.7344642513202646,6.833333333333333
92,40,5,0.7339719730556988,6.833333333333333
93,41,5,0.7339302047685039,7.0
94,42,5,0.7331206911089233,7.166666666666667
95,43,5,0.7328850025753667,7.333333333333333
96,44,5,0.7324514723868416,7.5
97,44,5,0.7323681529261525,7.5
98,44,5,0.7323155727407606,7.5
99,45,5,0.7311070931432849,7.666666666666667
100,45,5,0.7310234209557576,7.666666666666667
101,45,5,0.7296245018437928,7.666666666666667
102,46,5,0.7294372570015752,7.833333333333333
103,47,5,0.72922475961551,8.0
104,47,6,0.7283332003827215,6.857142857142857
105,48,6,0.7279009393046265,7.0
106,48,7,0.7264857329263282,6.125
107,48,7,0.7258515173241611,6.125
108,48,7,0.7245019540276632,6.125
109,48,7,0.7225153351827407,6.125
110,48,7,0.7215647721462822,6.125
111,48,7,0.7207149425925609,6.125
112,49,7,0.7203519843560884,6.25
113,49,7,0.7190097447342103,6.25
114,49,7,0.7188558656700001,6.25
115,49,7,0.7180986301580867,6.25
116,49,7,0.7171261564024621,6.25
117,49,8,0.7156972919812679,5.555555555555555
118,49,9,0.714233665391072,5.0
119,50,9,0.7140773149548527,5.1
120,50,9,0.7137634274990776,5.1
121,50,9,0.7131696961039478,5.1
122,51,9,0.712452341955816,5.2
123,51,9,0.7120489742631168,5.2
124,52,9,0.7111685073014071,5.3
125,52,9,0.7109822583520194,5.3
126,52,9,0.7109170988761292,5.3
127,52,9,0.7100104229190388,5.3
128,52,9,0.7097835745386144,5.3
129,52,9,0.7081332705193082,5.3
130,52,10,0.7080079002995947,4.818181818181818
131,52,10,0.7061764441112892,4.818181818181818
132,52,10,0.7059710216727373,4.818181818181818
133,52,10,0.7058643273858496,4.818181818181818
134,53,10,0.7056602408210768,4.909090909090909
135,53,10,0.703507078862976,4.909090909090909
136,53,10,0.703272784487035,4.909090909090909
137,53,11,0.7024206783953071,4.5
138,54,11,0.7020540422210624,4.583333333333333
139,54,11,0.701514848687903,4.583333333333333
140,54,12,0.7009220544853109,4.230769230769231
141,55,12,0.700080987608398,4.3076923076923075
142,55,12,0.6999799394722587,4.3076923076923075
143,56,12,0.6998359979488644,4.384615384615385
144,56,12,0.6979311701280927,4.384615384615385
145,56,12,0.6974903113613395,4.384615384615385
146,56,12,0.6969126954246325,4.384615384615385
147,56,12,0.6964401804025009,4.384615384615385
148,56,12,0.6958233947303025,4.384615384615385
149,56,12,0.6940316128493222,4.384615384615385
150,56,12,0.6919011180713919,4.384615384615385
151,56,12,0.6908161755415846,4.384615384615385
152,57,12,0.6898821472153864,4.461538461538462
153,57,12,0.6867352236339466,4.461538461538462
154,57,12,0.6865308917614092,4.461538461538462
155,57,12,0.6850459075855353,4.461538461538462
156,57,12,0.6834486385434811,4.461538461538462
157,57,12,0.6828412084022883,4.461538461538462
158,57,12,0.68277021547153,4.461538461538462
159,57,12,0.6817276077239605,4.461538461538462
160,58,12,0.680245782014629,4.538461538461538
161,58,12,0.6790399493682528,4.538461538461538
162,59,12,0.6786626712117798,4.615384615384615
163,59,12,0.6781437606055845,4.615384615384615
164,59,12,0.6774392550920671,4.615384615384615
165,59,12,0.6771579542352304,4.615384615384615
166,60,12,0.6765343943672882,4.6923076923076925
167,60,12,0.676475273365071,4.6923076923076925
168,60,12,0.6759197190249802,4.6923076923076925
169,61,12,0.6736228053684525,4.769230769230769
170,61,12,0.6736109105402326,4.769230769230769
171,61,12,0.6727417508654773,4.769230769230769
172,61,12,0.6724442562476767,4.769230769230769
173,61,13,0.6720733725031531,4.428571428571429
174,62,13,0.671347585157054,4.5
175,63,13,0.6704682826464233,4.571428571428571
176,63,13,0.6700187452976396,4.571428571428571
177,63,13,0.6688626297036819,4.571428571428571
178,63,13,0.6686992212235411,4.571428571428571
179,64,13,0.6668956214951924,4.642857142857143
180,64,13,0.6666612100381175,4.642857142857143
181,64,13,0.6645170778651206,4.642857142857143
182,65,13,0.6634180587296001,4.714285714285714
183,66,13,0.6626999200365044,4.785714285714286
184,66,13,0.6626209817991942,4.785714285714286
185,67,13,0.6615194803498066,4.857142857142857
186,68,13,0.6613750943211224,4.928571428571429
187,68,13,0.6576431797890607,4.928571428571429
188,68,13,0.6555490014044068,4.928571428571429
189,68,14,0.6553242212397511,4.6
190,68,14,0.6547549546949045,4.6
191,68,14,0.6534300622834568,4.6
192,69,14,0.6524064818664339,4.666666666666667
193,69,15,0.6504696900519671,4.375
194,69,15,0.6501222878821359,4.375
195,69,15,0.649579994177858,4.375
196,69,15,0.6491333549191284,4.375
197,69,15,0.6474561336196635,4.375
198,69,16,0.6452014881987985,4.117647058823529
199,70,16,0.6430500816394719,4.176470588235294
200,70,16,0.6423489189276499,4.176470588235294
201,70,16,0.642345095127135,4.176470588235294
202,71,16,0.6405753843590252,4.235294117647059
203,71,16,0.6377528672126155,4.235294117647059
204,72,16,0.6365000367002307,4.294117647058823
205,72,17,0.6364657969469241,4.055555555555555
206,72,18,0.6346660555904645,3.8421052631578947
207,72,18,0.6340859226299862,3.8421052631578947
208,72,18,0.6334181049436354,3.8421052631578947
209,72,18,0.6330625479294612,3.8421052631578947
210,73,18,0.6326467502906191,3.8947368421052633
211,73,18,0.6314527814577865,3.8947368421052633
212,73,19,0.6313539837429696,3.7
213,73,19,0.6304558039418764,3.7
214,73,19,0.629928149559553,3.7
215,73,19,0.6296690838211485,3.7
216,73,19,0.6295352846851177,3.7
217,73,19,0.6292872563644942,3.7
218,74,19,0.6288687768446034,3.75
219,74,20,0.6288330848086774,3.5714285714285716
220,74,20,0.628675887690874,3.5714285714285716
221,74,20,0.6283652872324794,3.5714285714285716
222,74,20,0.628137886769516,3.5714285714285716
223,74,20,0.6270792862856973,3.5714285714285716
224,74,20,0.6258130221046798,3.5714285714285716
225,74,20,0.6238385166656801,3.5714285714285716
226,74,21,0.6205353427760687,3.409090909090909
227,74,22,0.6201071453974779,3.260869565217391
228,74,22,0.6190148789432,3.260869565217391
229,75,22,0.6187457803934853,3.3043478260869565
230,75,22,0.6168172462544913,3.3043478260869565
231,76,22,0.6165673733238481,3.347826086956522
232,76,22,0.6147127182362349,3.347826086956522
233,76,22,0.6129918120720486,3.347826086956522
234,76,22,0.6128981529050761,3.347826086956522
235,76,22,0.6125765309058417,3.347826086956522
236,76,22,0.611177911139549,3.347826086956522
237,76,22,0.6109201907225039,3.347826086956522
238,76,22,0.6076073489040706,3.347826086956522
239,76,22,0.606869658715573,3.347826086956522
240,76,22,0.6053452294916283,3.347826086956522
241,76,22,0.6043880713967711,3.347826086956522
242,76,22,0.6029729206188598,3.347826086956522
243,76,22,0.6023601074806101,3.347826086956522
244,77,22,0.6016713373554488,3.391304347826087
245,77,22,0.6010855566202266,3.391304347826087
246,77,22,0.6009790734138574,3.391304347826087
247,77,22,0.600869084479748,3.391304347826087
248,77,22,0.6005550329088835,3.391304347826087
249,77,22,0.5999393447513797,3.391304347826087
250,78,22,0.5990342111637316,3.4347826086956523
251,78,22,0.5989295157757778,3.4347826086956523
252,79,22,0.5978266454938916,3.4782608695652173
253,80,22,0.5976804377002142,3.5217391304347827
254,80,23,0.5971236731690183,3.375
255,80,23,0.5951141751088795,3.375
256,80,23,0.5949772203983721,3.375
257,80,23,0.5942715663680703,3.375
258,80,23,0.5933553898108146,3.375
259,80,23,0.5932819652290547,3.375
260,80,24,0.5930849001825,3.24
261,80,25,0.5920201324402219,3.1153846153846154
262,80,25,0.5913172231193597,3.1153846153846154
263,80,25,0.5911313834210554,3.1153846153846154
264,80,25,0.5909536485339661,3.1153846153846154
265,81,25,0.5891673691201873,3.1538461538461537
266,81,25,0.5863318536836268,3.1538461538461537
267,81,25,0.5859419737548128,3.1538461538461537
268,81,26,0.585142680418003,3.037037037037037
269,81,26,0.584965134393028,3.037037037037037
270,81,26,0.5836167407492636,3.037037037037037
271,81,26,0.5829777654272162,3.037037037037037
272,81,26,0.5828827299046914,3.037037037037037
273,81,26,0.5817895053298974,3.037037037037037
274,81,26,0.580559337881807,3.037037037037037
275,81,27,0.5804563628840118,2.9285714285714284
276,82,27,0.5798392395950773,2.9642857142857144
277,82,27,0.5787301241307208,2.9642857142857144
278,82,28,0.5787105197755726,2.8620689655172415
279,83,28,0.5785551728290529,2.896551724137931
280,83,28,0.5781204754928542,2.896551724137931
281,83,29,0.5764872992887274,2.8
282,83,30,0.5763275699740253,2.7096774193548385
283,83,30,0.575242646797436,2.7096774193548385
284,83,30,0.5739293241330679,2.7096774193548385
285,83,30,0.5736045515857799,2.7096774193548385
286,83,30,0.5728868200590896,2.7096774193548385
287,83,30,0.5723371943509021,2.7096774193548385
288,83,30,0.5717638934732354,2.7096774193548385
289,83,30,0.5717077682153827,2.7096774193548385
290,83,30,0.5716040652163286,2.7096774193548385
291,83,31,0.5711508034866626,2.625
292,83,32,0.5699255080471215,2.5454545454545454
293,83,33,0.5696037541276477,2.4705882352941178
294,84,33,0.5695855457108376,2.5
295,84,33,0.5686229480140672,2.5
296,84,33,0.5673517996865054,2.5
297,84,33,0.5669292392299914,2.5
298,84,33,0.5633941028684383,2.5
299,85,33,0.5632567418707946,2.5294117647058822
300,85,33,0.5631024957366668,2.5294117647058822
301,85,33,0.5619869210860835,2.5294117647058822
302,85,33,0.5607449471404495,2.5294117647058822
303,85,33,0.5593694909390474,2.5294117647058822
304,85,33,0.5590123193140075,2.5294117647058822
305,85,33,0.5568669493134377,2.5294117647058822
306,85,33,0.5551855881760195,2.5294117647058822
307,85,34,0.555052537303043,2.4571428571428573
308,85,34,0.5549783837738134,2.4571428571428573
309,85,35,0.5547166009240153,2.388888888888889
310,85,35,0.5536765354339286,2.388888888888889
311,85,35,0.5494507265014434,2.388888888888889
312,85,36,0.5493698783167429,2.324324324324324
313,85,36,0.5456224274399915,2.324324324324324
314,85,37,0.5440162062989,2.263157894736842
315,85,37,0.5435167021915951,2.263157894736842
316,85,37,0.5431510972628681,2.263157894736842
317,85,37,0.5423663639541643,2.263157894736842
318,85,37,0.542186595599208,2.263157894736842
319,85,37,0.5414899853766038,2.263157894736842
320,85,37,0.540815409766619,2.263157894736842
321,85,37,0.540762741890888,2.263157894736842
322,85,37,0.5403520034852025,2.263157894736842
323,85,37,0.5392942581585094,2.263157894736842
324,85,37,0.5387152140363995,2.263157894736842
325,85,37,0.5378887285925431,2.263157894736842
326,85,37,0.5378608329149639,2.263157894736842
327,85,37,0.5371641813388517,2.263157894736842
328,85,37,0.5365146138150414,2.263157894736842
329,86,37,0.5353525069551648,2.289473684210526
330,86,37,0.5348030459459943,2.289473684210526
331,86,37,0.5346369591465597,2.289473684210526
332,87,37,0.531467289471716,2.3157894736842106
333,88,37,0.5314088374031334,2.3421052631578947
334,88,38,0.5275356392333708,2.282051282051282
335,88,38,0.5262952537479804,2.282051282051282
336,88,38,0.5252898212762633,2.282051282051282
337,89,38,0.5246598844295838,2.3076923076923075
338,89,38,0.5240221057090877,2.3076923076923075
339,89,38,0.5234941561130864,2.3076923076923075
340,89,38,0.5231660121011357,2.3076923076923075
341,89,38,0.5207034430579851,2.3076923076923075
342,89,39,0.5196364530802369,2.25
343,89,40,0.5191869662068364,2.1951219512195124
344,90,40,0.5184880142619892,2.2195121951219514
345,90,40,0.5181791233224406,2.2195121951219514
346,91,40,0.5173542243166027,2.2439024390243905
347,91,41,0.5163694219364547,2.1904761904761907
348,91,42,0.5143793048971226,2.13953488372093
349,91,42,0.5114610306354938,2.13953488372093
350,91,43,0.509527621971187,2.090909090909091
351,91,43,0.5095000306287272,2.090909090909091
352,91,43,0.5076349145143757,2.090909090909091
353,91,43,0.507555978238912,2.090909090909091
354,91,43,0.5063077469066762,2.090909090909091
355,92,43,0.5062321989952767,2.1136363636363638
356,92,44,0.5049702956014877,2.066666666666667
357,92,44,0.5047610622791956,2.066666666666667
358,93,44,0.5045278696792805,2.088888888888889
359,93,44,0.5033363131094326,2.088888888888889
360,93,44,0.5014078268729001,2.088888888888889
361,93,44,0.49991943228252855,2.088888888888889
362,93,44,0.49884645417221507,2.088888888888889
363,93,44,0.49859657948310143,2.088888888888889
364,93,45,0.4976945868303203,2.0434782608695654
365,93,46,0.49669768631559186,2.0
366,93,46,0.4953467758609882,2.0
367,93,46,0.49407303472527087,2.0
368,93,47,0.4928793932151,1.9583333333333333
369,93,47,0.49061582473259924,1.9583333333333333
370,93,47,0.49029492241275774,1.9583333333333333
371,93,47,0.4880399541792123,1.9583333333333333
372,93,47,0.486645269605385,1.9583333333333333
373,93,47,0.48566821574208774,1.9583333333333333
374,93,47,0.48333953417955067,1.9583333333333333
375,94,47,0.48174074253298216,1.9791666666666667
376,94,48,0.4816141616794517,1.9387755102040816
377,94,48,0.48082267281183866,1.9387755102040816
378,94,49,0.47936031932020107,1.9
379,94,49,0.47857063197163696,1.9
380,94,50,0.4782845959639823,1.8627450980392157
381,94,50,0.4775911920578805,1.8627450980392157
382,94,51,0.4755369937499565,1.8269230769230769
383,94,52,0.47325707114541393,1.7924528301886793
384,94,52,0.4696445031813331,1.7924528301886793
385,95,52,0.4668164743291868,1.8113207547169812
386,95,53,0.46675946720740746,1.7777777777777777
387,96,53,0.4660008601288427,1.7962962962962963
388,96,53,0.4649445295793395,1.7962962962962963
389,96,53,0.4633533090834828,1.7962962962962963
390,96,53,0.4613195176300353,1.7962962962962963
391,96,53,0.45962988128856996,1.7962962962962963
392,96,54,0.4594305951094849,1.7636363636363637
393,96,54,0.45831593799036885,1.7636363636363637
394,96,55,0.4582468107045201,1.7321428571428572
395,96,55,0.4566955775528476,1.7321428571428572
396,96,55,0.45570669701130795,1.7321428571428572
397,96,55,0.45355054836280917,1.7321428571428572
398,96,56,0.4522998464260789,1.7017543859649122
399,96,56,0.44806132799027043,1.7017543859649122
400,96,57,0.44725062726918696,1.6724137931034482
401,96,57,0.44413723184962217,1.6724137931034482
402,97,57,0.44130407206505307,1.6896551724137931
403,97,57,0.44069769464346364,1.6896551724137931
404,97,57,0.44048876942139903,1.6896551724137931
405,97,58,0.44011313267758156,1.6610169491525424
406,97,59,0.4399216769870632,1.6333333333333333
407,97,60,0.4389891524649878,1.6065573770491803
408,97,61,0.4389554263447676,1.5806451612903225
409,97,61,0.4382585261052707,1.5806451612903225
410,97,61,0.4370714955460878,1.5806451612903225
411,97,62,0.4370186598780875,1.5555555555555556
412,97,63,0.4346646436822801,1.53125
413,97,63,0.43442215615401314,1.53125
414,97,63,0.43410052707060653,1.53125
415,97,64,0.43242102857260356,1.5076923076923077
416,97,64,0.42723711886208815,1.5076923076923077
417,97,64,0.4249614304231033,1.5076923076923077
418,97,65,0.4228885390472823,1.4848484848484849
419,97,66,0.42256310549929565,1.462686567164179
420,97,67,0.42244972282289206,1.4411764705882353
421,97,67,0.4223278817502628,1.4411764705882353
422,97,67,0.4198196598515538,1.4411764705882353
423,97,67,0.4187171111760052,1.4411764705882353
424,97,67,0.4180754543898554,1.4411764705882353
425,97,67,0.4164806198824341,1.4411764705882353
426,97,67,0.41547222534963835,1.4411764705882353
427,97,67,0.41165535239950235,1.4411764705882353
428,97,67,0.41156767193023935,1.4411764705882353
429,97,67,0.41103291152754395,1.4411764705882353
430,97,68,0.40688397583034086,1.4202898550724639
431,97,69,0.40637412049517185,1.4
432,97,70,0.3972067817715589,1.380281690140845
433,97,70,0.3957656352569705,1.380281690140845
434,97,70,0.39407219768901647,1.380281690140845
435,97,70,0.3918366543983779,1.380281690140845
436,97,71,0.39006666643614973,1.3611111111111112
437,98,71,0.38715379952847984,1.375
438,98,71,0.38507756642568947,1.375
439,98,72,0.38502171800812723,1.356164383561644
440,98,73,0.384229959700804,1.337837837837838
441,98,73,0.37676903174317,1.337837837837838
442,98,73,0.37672245757961353,1.337837837837838
443,98,74,0.37534620340305846,1.32
444,98,74,0.3752068451601024,1.32
445,98,74,0.37208949482142617,1.32
446,98,74,0.37172988715225663,1.32
447,98,75,0.3699983359746293,1.3026315789473684
448,98,76,0.36785787501201306,1.2857142857142858
449,98,76,0.3634822021304792,1.2857142857142858
450,98,76,0.36304922152589547,1.2857142857142858
451,98,76,0.36227034242886946,1.2857142857142858
452,98,76,0.359562396855146,1.2857142857142858
453,98,77,0.35695319577246976,1.2692307692307692
454,98,77,0.35600164547555135,1.2692307692307692
455,98,78,0.3544033642288996,1.2531645569620253
456,98,79,0.35336603175451564,1.2375
457,98,79,0.35115223640024573,1.2375
458,98,79,0.3464408142639178,1.2375
459,98,79,0.34275974323135927,1.2375
460,98,79,0.3422639111493545,1.2375
461,98,79,0.3401749239849192,1.2375
462,98,80,0.3374642768309247,1.2222222222222223
463,98,81,0.3372334015768469,1.2073170731707317
464,98,81,0.3369044505541866,1.2073170731707317
465,98,81,0.32276996272524716,1.2073170731707317
466,98,82,0.3181184613685273,1.1927710843373494
467,98,83,0.3098829969451853,1.1785714285714286
468,98,84,0.30451182536089305,1.1647058823529413
469,98,84,0.3033516651614545,1.1647058823529413
470,98,85,0.286827919445222,1.1511627906976745
471,98,85,0.2839481241212656,1.1511627906976745
472,98,86,0.28025685234989073,1.1379310344827587
473,98,87,0.2698760671295136,1.125
474,98,88,0.2638896772378453,1.1123595505617978
475,99,88,0.2535968207887508,1.1235955056179776
476,99,89,0.2514159894038498,1.1111111111111112
477,99,90,0.2447740737939923,1.098901098901099
478,99,90,0.23080628401662395,1.098901098901099
479,99,90,0.22654935975197332,1.098901098901099
480,99,90,0.2204228205633345,1.098901098901099
481,99,91,0.22016382886209918,1.0869565217391304
482,99,92,0.21929094702924956,1.075268817204301
483,99,93,0.21852313641102816,1.0638297872340425
484,99,94,0.21520114128209333,1.0526315789473684
485,99,94,0.2001708381223719,1.0526315789473684
486,99,94,0.19194078937743786,1.0526315789473684
487,99,94,0.1732498282284004,1.0526315789473684
488,99,95,0.17082174078861456,1.0416666666666667
489,100,95,0.1673555323197886,1.0520833333333333
490,100,95,0.1672187278182552,1.0520833333333333
491,100,96,0.1641918272893107,1.041237113402062
492,100,97,0.16356929164151057,1.030612244897959
493,100,98,0.16145961716177415,1.02020202020202
494,100,98,0.1417532487346146,1.02020202020202
495,100,98,0.13971554774540074,1.02020202020202
496,100,99,0.13785858057889577,1.01
497,100,99,0.13635047694827762,1.01
498,100,100,0.1065246322892559,1.0
499,100,100,0.05444121422554027,1.0
500,100,100,0.0,1.0
